①→,②→,③→,④→,⑤,
必須項目の入力,選択項目の入力,入力内容の確認,申請料お支払い,申請完了,
,,,,,
申請フォームの入力はすべて英語（ローマ字）または英数字でのみ入力できるように設定して。日本語や小文字での入力をできないように設定して,,,,,
注意事項：(←黒い太字で強調)すべての項目は英語(ローマ字)で入力してください。,,,,,
,申請方法に関する詳細は「？」ボタンをクリックしてください。,,,,
↑の注意事項は分かりやすい色で囲んで。,,,,,
,,,,,
申請者情報(←太字で強調)　隣に「？」ボタンを設置して,,,,,
「？」ボタンをクリックしたら、以下のポップアップ表示に遷移させて,,,,,
「申請者情報」以降の国籍までの項目をスクリーンショットして。そのスクリーンショットを冒頭に添付,,,,,
"スクリーンショットの下に「姓/名はパスポート記載と同様にアルファベット大文字で入力してください。
姓/名を逆に入力する、スペルの間違いにご注意ください。別名・別称がある方は「別名があります」にチェックを入れて当該の名前を入力してください。 TSU、SHO、JO、CHOなどの入力はスペルの間違いにご注意ください。
（例）姓 : TUDA → TSUDA　名 : SYOTA → SHOTA 以下の国籍に該当する方は「個人識別番号」の入力欄が表示されます。任意のため空欄でも構いませんが、台湾市民は個人識別番号(パスポート記載の英語1文字と数字9桁)の入力が必要です。
Belgium(BEL)、Brunei(BRN)、Chile(CHL)、Czech republic(CZE)、Estonia(EST)、Germany(DEU)、Greece(GRC)、Hungary(HUN)、Israel(ISR)、Luxembourg(LUX)、Malta(MLT)、Monaco(MCO)、Netherlands(NLD)、Portugal(PRT)、Singapore(SGP)、Slovakia(SVK)、Slovenia(SVN)、South Korea(KOR)、Spain(ESP)、Taiwan(TWN)、Croatia(HRV) 姓/名はパスポート記載と同様にアルファベット大文字で入力してください。」を記載させて。",,,,,
右端に「×」印を表示させて、押されたら表示を閉じるようにして,,,,,
・姓/Surname →　テキスト入力,,,,,
入力欄が空白の場合、項目下に「半角英字で入力してください」というエラーメッセージで赤色で表示させ、他テキストよりも強調する。,,,,,
"入力欄は半角英字（a-z, A-Z）のみ入力可能とする。 全角文字、日本語、数字、記号は入力不可。無効な文字が入力された場合は反映しない（入力されない）",,,,,
項目内にはデフォルト値で「（例）YAMADA」と表示させて,,,,,
・名 / Given name → テキスト入力,,,,,
入力欄が空白の場合、項目下に「半角英字で入力してください」というエラーメッセージで赤色で表示させ、他テキストよりも強調する。,,,,,
"入力欄は半角英字（a-z, A-Z）のみ入力可能とする。 全角文字、日本語、数字、記号は入力不可。無効な文字が入力された場合は反映しない（入力されない）",,,,,
項目内にはデフォルト値で「（例）TARO」と表示させて,,,,,
・別名の有無 → 「別名があります」「別名はありません」の選択タブ,,,,,
項目下に「※上記以外の名前（別名・別称）はありますか？」と注釈を入れて,,,,,
「あり」選択時 → 以下のような別名の姓・名の入力欄を表示,,,,,
・姓/Surname (別名)→　テキスト入力　,,,,,
入力欄が空白の場合、項目下に「半角英字で入力してください」というエラーメッセージで赤色で表示させ、他テキストよりも強調する。,,,,,
"入力欄は半角英字（a-z, A-Z）のみ入力可能とする。 全角文字、日本語、数字、記号は入力不可。無効な文字が入力された場合は反映しない（入力されない）",,,,,
項目内にはデフォルト値で「（例）YAMADA」と表示させて,,,,,
・名 / Given name(別名) → テキスト入力,,,,,
入力欄が空白の場合、項目下に「半角英字で入力してください」というエラーメッセージで赤色で表示させ、他テキストよりも強調する。,,,,,
"入力欄は半角英字（a-z, A-Z）のみ入力可能とする。 全角文字、日本語、数字、記号は入力不可。無効な文字が入力された場合は反映しない（入力されない）",,,,,
項目内にはデフォルト値で「（例）HIROSHI」と表示させて,,,,,
・性別→「男性」と「女性」の選択タブ,,,,,
・生年月日→「年」、「月」、「日」の順で選択タブ,,,,,
入力された日付が現在の日付より未来の場合はページ上部(フォームの先頭)にエラーメッセージを表示させて,,,,,
「年」は1900年～2026年までの間で選べるようにする,,,,,
「月」は1(Jan)～12(Dec)までの間で選べるようにする,,,,,
→1(Jan)・2(Feb)・3(Mar)・4(Apr)・5(May)・6(Jun)・7(Jul)・8(Aug)・9(Sep)・10(Oct)・11(Nov)・12(Dec),,,,,
「日」は1～31日までの間で選べるようにする,,,,,
・国籍→JAPAN(JPN)がデフォルト値。国籍の選択項目一覧は以下に記載しておくよ。,,,,,
ANDORRA (AND),,,,,
AUSTRALIA (AUS),,,,,
AUSTRIA (AUT),,,,,
BELGIUM (BEL),,,,,
BRUNEI (BRN),,,,,
CHILE (CHL),,,,,
CROATIA (HRV),,,,,
CZECH REPUBLIC (CZE),,,,,
DENMARK (DNK),,,,,
ESTONIA (EST),,,,,
FINLAND (FIN),,,,,
FRANCE (FRA),,,,,
GERMANY (DEU),,,,,
GREECE (GRC),,,,,
HUNGARY (HUN),,,,,
ICELAND (ISL),,,,,
IRELAND (IRL),,,,,
ISRAEL (ISR),,,,,
ITALY (ITA),,,,,
JAPAN (JPN),,,,,
LATVIA (LVA),,,,,
LIECHTENSTEIN (LIE),,,,,
LITHUANIA (LTU),,,,,
LUXEMBOURG (LUX),,,,,
MALTA (MLT),,,,,
MONACO (MCO),,,,,
NETHERLANDS (NLD),,,,,
NEW ZEALAND (NZL),,,,,
NORWAY (NOR),,,,,
POLAND (POL),,,,,
PORTUGAL (PRT),,,,,
QATAR (QAT),,,,,
SAN MARINO (SMR),,,,,
,,,,,
連絡先情報(←太字で強調)　隣に「？」ボタンを設置して,,,,,
「？」ボタンをクリックしたら、以下のポップアップ表示に遷移させて,,,,,
「連絡先情報」以降の電話種別までの項目をスクリーンショットして。そのスクリーンショットを冒頭に添付して,,,,,
スクリーンショットの横に「メールアドレスの入力間違いにご注意ください。,,,,,
申請完了後、「申請受付メール」と「渡航認証可否通知メール」を当サイトより送信します。フリーメールや携帯端末のメールアドレスをご利用の方は、迷惑メールフォルダ等への振り分けや受信できない場合がありますのでご注意ください。」と説明文を入れて,,,,,
右端に「×」印を表示させて、押されたら表示を閉じるようにして,,,,,
・メールアドレス→　テキスト入力 項目内にはデフォルト値で「（例）yamada_taro@example.co.jp」,,,,,
項目下に「※申請結果をメールにて送信します。迷惑メールフォルダに振り分けられる場合がありますのでご注意ください。」と注釈を入れて,,,,,
入力欄が空白、誤って英語(大文字)や日本語が表示された場合は、項目下に「メールアドレスを正しく入力してください」というエラーメッセージで赤色で表示させ、他テキストよりも強調する。,,,,,
・メールアドレス→　テキスト入力,,,,,
項目右には「確認用」と四角で囲んで表示させて。項目内にはデフォルト値で「（例）yamada_taro@example.co.jp」と表示させて,,,,,
項目下に「※確認のため再度入力してください。」と注釈を入れて,,,,,
入力欄が空白、誤って英語(大文字)や日本語が表示された場合は、項目下に「メールアドレスを正しく入力してください」というエラーメッセージで赤色で表示させ、他テキストよりも強調する。,,,,,
1つめのメールアドレス入力欄の内容と不一致の場合は項目下に「メールアドレスが一致しません」と強調用に赤色でエラーメッセージを表示させて,,,,,
・電話番号　国籍の国旗の画像を表示させて、その隣にテキスト入力項目,,,,,
国旗はJAPAN(JPN)(+81)を最初に選べるようにする。国旗の選択項目一覧は以下に記載しておくよ。,,,,,
JAPAN (JPN) (+81),,,,,
AFGHANISTAN (AFG) (+93),,,,,
ALAND ISLANDS (ALA) (+358),,,,,
ALBANIA (ALB) (+355),,,,,
ALGERIA (DZA) (+213),,,,,
AMERICAN SAMOA (ASM) (+1),,,,,
ANDORRA (AND) (+376),,,,,
ANGOLA (AGO) (+244),,,,,
ANGUILLA (AIA) (+1),,,,,
ANTARCTICA (ATA) (+672),,,,,
ANTIGUA AND BARBUDA (ATG) (+1) ,,,,,
ARGENTINA (ARG) (+54),,,,,
ARMENIA (ARM) (+374),,,,,
ARUBA (ABW) (+297),,,,,
AUSTRALIA (AUS) (+61),,,,,
AUSTRIA (AUT) (+43),,,,,
AZERBAIJAN (AZE) (+994),,,,,
BAHAMAS (BHS) (+1),,,,,
BAHRAIN (BHR) (+973),,,,,
BANGLADESH (BGD) (+880),,,,,
BARBADOS (BRB) (+1),,,,,
BELARUS (BLR) (+375),,,,,
BELGIUM (BEL) (+32),,,,,
BELIZE (BLZ) (+501),,,,,
BENIN (BEN) (+229),,,,,
BERMUDA (BMU) (+1),,,,,
BHUTAN (BTN) (+975),,,,,
BOLIVIA (BOL) (+591),,,,,
"BONAIRE, SINT EUSTATIUS AND SABA (BES) (+599) ",,,,,
BOSNIA AND HERZEGOVINA (BIH) (+387),,,,,
BOTSWANA (BWA) (+267),,,,,
BOUVET ISLAND (BVT) (+55),,,,,
BRAZIL (BRA) (+55),,,,,
BRITISH INDIAN OCEAN TERRITORY (IOT) (+246),,,,,
BRUNEI (BRN) (+673),,,,,
BULGARIA (BGR) (+359),,,,,
BURKINA FASO (+226),,,,,
BURMA (BUR) (+95),,,,,
BURUNDI (BDI) (+257),,,,,
CAMBODIA (KHM) (+855),,,,,
CAMEROON (CMR) (+237),,,,,
CANADA (CAN) (+1),,,,,
CANTON AND ENDERBURY ISLANDS (CTE) (+686),,,,,
CAPE VERDE (CPV) (+238),,,,,
CAYMAN ISLANDS (CYM) (+1),,,,,
CENTRAL AFRICAN REPUBLIC (CAF) (+236),,,,,
CHAD (TCD) (+235),,,,,
CHILE (CHL) (+56),,,,,
CHINA (CHN) (+86),,,,,
CHRISTMAS ISLAND (CXR) (+61),,,,,
COCOS (KEELING)ISLAND(CCK) (+61),,,,,
COLOMBIA (COL) (+57),,,,,
COMOROS (COM) (+269),,,,,
"CONGO, DEMOCRATIC REPUBLIC OF (COD) (+243)",,,,,
"CONGO, REPUBLIC OF (COG) (+242)",,,,,
COOK ISLANDS (COK) (+682),,,,,
COSTA RICA (CRI) (+506),,,,,
COTE D'IVOIRE (CIV) (+225),,,,,
CROATIA (HRV) (+385),,,,,
CUBA (CUB) (+53),,,,,
CURACAO (CUW) (+599),,,,,
CYPRUS (CYP) (+357),,,,,
CZECH REPUBLIC (CZE) (+420),,,,,
DEMOCRATIC YEMEN (YMD) (+967),,,,,
DENMARK (DNK) (+45),,,,,
DJIBOUTI (DJI) (+253),,,,,
DOMINICA (DMA) (+1),,,,,
DOMINICAN REPUBLIC (DOM) (+1),,,,,
EAST TIMOR (TMP) (+670),,,,,
ECUADOR (ECU) (+593),,,,,
EGYPT (EGY) (+20),,,,,
EL SALVADOR (SLV) (+503),,,,,
EQUATORIAL GUINEA (GNQ) (+240),,,,,
ERITREA (ERI) (+291),,,,,
ESTONIA (EST) (+372),,,,,
ETHIOPIA (ETH) (+251),,,,,
FALKLAND ISLANDS (FLK) (+500) ,,,,,
FAROE ISLANDS (FRO) (+298),,,,,
FIJI (FJI) (+679),,,,,
FINLAND (FIN) (+358),,,,,
FRANCE (FRA) (+33),,,,,
FRANCE METROPOLITAN (FXX) (+33),,,,,
FRENCH GUIANA (GUF) (+594),,,,,
FRENCH POLYNESIA (PYF) (+689),,,,,
FRENCH SOUTHERN TERRITORIES (ATF) (+262) ,,,,,
GABON (GAB) (+241),,,,,
GAMBIA (GMB) (+220),,,,,
GEORGIA (GEO) (+995),,,,,
GERMANY (DEU) (+49),,,,,
GHANA (GHA) (+233),,,,,
GIBRALTAR (GIB) (+350),,,,,
GREECE (GRC) (+30),,,,,
GREENLAND (GRL) (+299),,,,,
GRENADA (GRD) (+1),,,,,
GUADELOUPE (GLP) (+590),,,,,
GUAM (GUM) (+1),,,,,
GUATEMALA (GTM) (+502),,,,,
GUERNSEY (GGY) (+44),,,,,
GUINEA (GIN) (+224),,,,,
GUINEA-BISSAU (GNB) (+245),,,,,
GUYANA (GUY) (+592),,,,,
HAITI (HTI) (+509),,,,,
HEARD AND MC DONALD ISLANDS (HMD) (+0),,,,,
HONDURAS (HND) (+504),,,,,
HONG KONG (HKG) (+852),,,,,
HUNGARY (HUN) (+36),,,,,
ICELAND (ISL) (+354),,,,,
INDIA (IND) (+91),,,,,
INDONESIA (IDN) (+62),,,,,
IRAN (IRN) (+98),,,,,
IRAQ (IRQ) (+964),,,,,
IRELAND (IRL) (+353),,,,,
ISLE OF MAN (IMN) (+44),,,,,
ISRAEL (ISR) (+972),,,,,
ITALY (ITA) (+39),,,,,
JAMAICA (JAM) (+1),,,,,
JERSEY (JEY) (+44),,,,,
JOHNSTON ISLAND (JTN) (+1),,,,,
JORDAN (JOR) (+962),,,,,
KAZAKHSTAN (KAZ) (+7),,,,,
KENYA (KEN) (+254),,,,,
KIRIBATI (KIR) (+686),,,,,
KOSOVO (KVV) (+383),,,,,
KUWAIT (KWT) (+965),,,,,
KYRGYZSTAN (KGZ) (+996),,,,,
LAOS (LAO) (+856),,,,,
LATVIA (LVA) (+371),,,,,
LEBANON (LBN) (+961),,,,,
LESOTHO (LSO) (+266),,,,,
LIBERIA (LBR) (+231),,,,,
LIBYA (LBY) (+218),,,,,
LIECHTENSTEIN (LIE) (+423),,,,,
LITHUANIA (LTU) (+370),,,,,
LUXEMBOURG (LUX) (+352),,,,,
MACAU (MAC) (+853),,,,,
MACEDONIA (MKD) (+389),,,,,
MADAGASCAR (MDG) (+261),,,,,
MALAWI (MWI) (+265),,,,,
MALAYSIA (MYS) (+60),,,,,
MALDIVES (MDV) (+960),,,,,
MALI (MLI) (+223),,,,,
MALTA (MLT)(+356),,,,,
MARSHALL ISLANDS (MHL) (+692),,,,,
MARTINIQUE (MTQ) (+596),,,,,
MAURITANIA (MRT) (+222),,,,,
MAURITIUS (MUS) (+230),,,,,
MAYOTTE (MYT) (+262),,,,,
MEXICO (MEX) (+52),,,,,
MICRONESIA - FEDERATED STATES OF (FSM) (+691),,,,,
MIDWAY ISLANDS (MID) (+1),,,,,
MOLDOVA (MDA) (+373),,,,,
MONACO (MCO) (+377),,,,,
MONGOLIA (MNG) (+976),,,,,
MONTENEGRO (MNE) (+382),,,,,
MONTSERRAT (MSR) (+1),,,,,
MOROCCO (MAR) (+212),,,,,
MOZAMBIQUE (MOZ) (+258),,,,,
MYANMAR (MMR) (+95),,,,,
NAMIBIA (NAM) (+264),,,,,
NAURU (NRU) (+674),,,,,
NEPAL (NPL) (+977),,,,,
NETHERLANDS (NLD) (+31),,,,,
NETHERLANDS ANTILLES (ANT) (+599),,,,,
NEW CALEDONIA (NCL) (+687),,,,,
NEW ZEALAND (NZL) (+64),,,,,
NICARAGUA (NIC) (+505),,,,,
NIGER (NER) (+227),,,,,
NIGERIA (NGA) (+234),,,,,
NIUE (NIU) (+683),,,,,
NORFOLK ISLAND (NFK) (+672),,,,,
NORTH KOREA (PRK) (+850),,,,,
NORTHERN MARIANA ISLANDS (MNP) (+1),,,,,
NORWAY (NOR) (+47),,,,,
OMAN (OMN) (+968),,,,,
PAKISTAN (PAK) (+92),,,,,
PALAU (PLW) (+680),,,,,
PALESTINIAN TERRITORIES (PSE) (+970),,,,,
PANAMA (PAN) (+507),,,,,
PAPUA NEW GUINEA (PNG) (+675) ,,,,,
PARAGUAY (PRY) (+595),,,,,
PERU (PER) (+51),,,,,
PHILIPPINES (PHL) (+63),,,,,
PITCAIRN ISLANDS (PCN) (+64),,,,,
POLAND (POL) (+48),,,,,
PORTUGAL (PRT) (+351),,,,,
PUERTO RICO (PRI) (+1),,,,,
QATAR (QAT) (+974),,,,,
REUNION (REU) (+262),,,,,
ROMANIA (ROM) (+40),,,,,
RUSSIA (RUS) (+7),,,,,
RWANDA (RWA) (+250),,,,,
SAINT BARTHELEMY (BLM) (+590),,,,,
SAINT KITTS AND NEVIS (KNA) (+1),,,,,
SAINT LUCIA (LCA) (+1),,,,,
SAINT MARTIN (FRENCH PART) (MAF) (+590),,,,,
SAINT VINCENT AND THE GRENADINES (VCT) (+1),,,,,
SAMOA (WSM) (+685),,,,,
SAN MARINO (SMR) (+378),,,,,
SAO TOME AND PRINCIPE (STP) (+239),,,,,
SAUDI ARABIA (SAU) (+966),,,,,
SENEGAL (SEN) (+221),,,,,
SERBIA (SRB) (+381),,,,,
SERBIA AND MONTENEGRO (SCG) (+381),,,,,
SEYCHELLES (SYC) (+248),,,,,
SIERRA LEONE (SLE) (+232),,,,,
SINGAPORE (SGP) (+65),,,,,
SINT MAARTEN (DUTCH PART) (SXM) (+1),,,,,
SLOVAKIA (SVK) (+421),,,,,
SLOVENIA (SVN) (+386),,,,,
SOLOMON ISLANDS (SLB) (+677),,,,,
SOMALIA (SOM) (+252),,,,,
SOUTH AFRICA (ZAF) (+27),,,,,
SOUTH GEORGIA AND THE SOUTH SANDWICH ISLANDS (SGS) (+500),,,,,
SOUTH KOREA (KOR) (+82),,,,,
SOUTH SUDAN (SSD) (+211),,,,,
SPAIN (ESP) (+34),,,,,
SRI LANKA (LKA) (+94),,,,,
ST. HELENA (SHN) (+290),,,,,
ST. PIERRE AND MIQUELON (SPM) (+508) ,,,,,
SUDAN (SDN) (+249),,,,,
SURINAME (SUR) (+597),,,,,
SVALBARD AND JAN MAYEN ISLANDS (SJM) (+47),,,,,
SWAZILAND (SWZ) (+268),,,,,
SWEDEN (SWE) (+46),,,,,
SWITZERLAND (CHE) (+41),,,,,
SYRIA (SYR) (+963),,,,,
TAIWAN (TWN) (+886),,,,,
TAJIKISTAN (TJK) (+992),,,,,
TANZANIA (TZA) (+255),,,,,
THAILAND (THA) (+66),,,,,
TIMOR-LESTE (TLS) (+670),,,,,
TOGO (TGO) (+228),,,,,
TOKELAU (TKL) (+690),,,,,
TONGA (TON) (+676),,,,,
TRINIDAD AND TOBAGO (TTO) (+1),,,,,
TUNISIA (TUN) (+216),,,,,
TURKEY (TUR) (+90),,,,,
TURKMENISTAN (TKM) (+993),,,,,
TURKS AND CAICOS ISLANDS (TCA) (+1),,,,,
TUVALU (TUV) (+688),,,,,
UGANDA (UGA) (+256),,,,,
UKRAINE (UKR) (+380),,,,,
UNITED ARAB EMIRATES (ARE) (+971),,,,,
UNITED KINGDOM (GBR) (+44),,,,,
UNITED STATES (USA) (+1),,,,,
UNITED STATES MINOR OUTLYING ISLANDS (UMI) (+1),,,,,
URUGUAY (URY) (+598),,,,,
UZBEKISTAN (UZB) (+998),,,,,
VANUATU (VUT) (+678),,,,,
VATICAN CITY STATE (HOLY SEE) (VAT) (+379),,,,,
VENEZUELA (VEN) (+58),,,,,
VIETNAM (VNM) (+84),,,,,
VIRGIN ISLANDS (BRITISH) (VGB) (+1),,,,,
VIRGIN ISLANDS (U.S.) (VIR) (+1),,,,,
WAKE ISLAND (WAK) (+808),,,,,
WALLIS AND FUTUNA ISLANDS (WLF) (+681),,,,,
WESTERN SAHARA (ESH) (+212),,,,,
YEMEN (YEM) (+967),,,,,
ZAIRE (ZAR) (+243),,,,,
ZAMBIA (ZMB) (+260),,,,,
ZIMBABWE (ZWE) (+263),,,,,
,,,,,
電話番号のテキスト入力の項目内にデフォルト値で「（例）0901234678」って表示させて。,,,,,
国旗選択項目と電話番号のテキスト入力項目下に以下のような注釈を入れて。,,,,,
「国旗選択項目」「（例）0901234678」,,,,,
半角数字で入力してください(←強調用に赤字にして),,,,,
※先頭の0は省略されて登録されます。(←これは通常通り黒色で大丈夫),,,,,
入力欄に英語や記号が入力された場合は、項目下に強調用に赤色で「半角数字で入力してください」というエラーメッセージを表示させて,,,,,
・電話種別→プルダウン選択タブ,,,,,
項目内のデフォルト値で「選択してください」と表示させて,,,,,
選択タブは「自宅」、「勤務先」、「携帯」、「その他」の順番で表示させて,,,,,
,,,,,
住所情報(→太字で強調)隣に「？」ボタンを設置して,,,,,
「？」ボタンをクリックしたら、以下のポップアップ表示に遷移させて,,,,,
「住所情報」以降の部屋番号までの項目をスクリーンショットして。そのスクリーンショットを冒頭に添付して。,,,,,
スクリーンショットの横に「住所は全てローマ字で入力します。戸籍の本籍地ではなく、現在居住中の住所を入力してください。日本国内の住所は、郵便番号を入力いただくと都道府県と市区町村が自動で反映されます。」と説明文を入れて。,,,,,
右端に「×」印を表示させて、押されたら表示を閉じるようにして,,,,,
,,,,,
・郵便番号　→テキスト入力,,,,,
項目内にデフォルト値で「（例）1000000」と表示させて、隣に「(虫眼鏡のマーク)郵便番号を検索」とテキストでボタンを設置して。,,,,,
ボタンを押すと指定のURL「https://www.post.japanpost.jp/zipcode/index.html」に遷移するようリンク付けて。,,,,,
項目下に「※ハイフンを除いた数字のみ入力してください。」と注釈を入れて。,,,,,
入力欄に英語や記号が入力された場合は、項目下に強調用に赤色で「数字のみ入力してください」というエラーメッセージを表示させて,,,,,
,,,,,
・国　→プルダウン選択,,,,,
プルダウンのデフォルト値で「JAPAN(JPN)」って表示させて,,,,,
国名の選択項目一覧は以下に記載しておくよ。,,,,,
AFGHANISTAN (AFG),,,,,
ALAND ISLANDS (ALA),,,,,
ALBANIA (ALB) ,,,,,
ALGERIA (DZA),,,,,
AMERICAN SAMOA (ASM),,,,,
ANDORRA (AND),,,,,
ANGOLA (AGO) ,,,,,
ANGUILLA (AIA),,,,,
ANTARCTICA (ATA),,,,,
ANTIGUA AND BARBUDA (ATG) ,,,,,
ARGENTINA (ARG),,,,,
ARMENIA (ARM),,,,,
ARUBA (ABW),,,,,
AUSTRALIA (AUS),,,,,
AUSTRIA (AUT),,,,,
AZERBAIJAN (AZE) ,,,,,
BAHAMAS (BHS),,,,,
BAHRAIN (BHR),,,,,
BANGLADESH (BGD),,,,,
BARBADOS (BRB),,,,,
BELARUS (BLR),,,,,
BELGIUM (BEL),,,,,
BELIZE (BLZ),,,,,
BENIN (BEN) ,,,,,
BERMUDA (BMU) ,,,,,
BHUTAN (BTN),,,,,
BOLIVIA (BOL) ,,,,,
"BONAIRE, SINT EUSTATIUS AND SABA (BES) ",,,,,
BOSNIA AND HERZEGOVINA (BIH),,,,,
BOTSWANA (BWA),,,,,
BOUVET ISLAND (BVT),,,,,
BRAZIL (BRA),,,,,
BRITISH INDIAN OCEAN TERRITORY (IOT),,,,,
BRUNEI (BRN) ,,,,,
BULGARIA (BGR),,,,,
BURKINA FASO,,,,,
BURMA (BUR),,,,,
BURUNDI (BDI),,,,,
CAMBODIA (KHM),,,,,
CAMEROON (CMR),,,,,
CANADA (CAN),,,,,
CANTON AND ENDERBURY ISLANDS (CTE),,,,,
CAPE VERDE (CPV),,,,,
CAYMAN ISLANDS (CYM),,,,,
CENTRAL AFRICAN REPUBLIC (CAF),,,,,
CHAD (TCD),,,,,
CHILE (CHL),,,,,
CHINA (CHN),,,,,
CHRISTMAS ISLAND (CXR),,,,,
COCOS (KEELING),,,,,
ISLANDS (CCK),,,,,
COLOMBIA (COL),,,,,
COMOROS (COM),,,,,
"CONGO, DEMOCRATIC REPUBLIC OF (COD)",,,,,
"CONGO, REPUBLIC OF (COG)",,,,,
COOK ISLANDS (COK) ,,,,,
COSTA RICA (CRI),,,,,
COTE D'IVOIRE (CIV),,,,,
CROATIA (HRV),,,,,
CUBA (CUB),,,,,
CURACAO (CUW),,,,,
CYPRUS (CYP),,,,,
CZECH REPUBLIC (CZE),,,,,
DEMOCRATIC YEMEN (YMD),,,,,
DENMARK (DNK) ,,,,,
DJIBOUTI (DJI),,,,,
DOMINICA (DMA),,,,,
DOMINICAN REPUBLIC (DOM),,,,,
DRONNING MAUD LAND (DML) ,,,,,
EAST TIMOR (TMP),,,,,
ECUADOR (ECU) ,,,,,
EGYPT (EGY),,,,,
EL SALVADOR (SLV),,,,,
EQUATORIAL GUINEA (GNQ),,,,,
ERITREA (ERI),,,,,
ESTONIA (EST),,,,,
ETHIOPIA (ETH),,,,,
FALKLAND ISLANDS (FLK) ,,,,,
FAROE ISLANDS (FRO),,,,,
FIJI (FJI),,,,,
FINLAND (FIN) ,,,,,
FRANCE (FRA),,,,,
FRANCE METROPOLITAN (FXX),,,,,
FRENCH GUIANA (GUF),,,,,
FRENCH POLYNESIA (PYF),,,,,
FRENCH SOUTHERN TERRITORIES (ATF) ,,,,,
GABON (GAB),,,,,
GAMBIA (GMB),,,,,
GEORGIA (GEO),,,,,
GERMANY (DEU),,,,,
GHANA (GHA),,,,,
GIBRALTAR (GIB),,,,,
GREECE (GRC) ,,,,,
GREENLAND (GRL),,,,,
GRENADA (GRD),,,,,
GUADELOUPE (GLP),,,,,
GUAM (GUM) ,,,,,
GUATEMALA (GTM),,,,,
GUERNSEY (GGY) ,,,,,
GUINEA (GIN),,,,,
GUINEA-BISSAU (GNB),,,,,
GUYANA (GUY),,,,,
HAITI (HTI),,,,,
HEARD AND MC DONALD ISLANDS (HMD),,,,,
HONDURAS (HND),,,,,
HONG KONG (HKG) ,,,,,
HUNGARY (HUN),,,,,
ICELAND (ISL),,,,,
INDIA (IND),,,,,
INDONESIA (IDN),,,,,
IRAN (IRN),,,,,
IRAQ (IRQ) ,,,,,
IRELAND (IRL),,,,,
ISLE OF MAN (IMN) ,,,,,
ISRAEL (ISR),,,,,
ITALY (ITA) ,,,,,
JAMAICA (JAM),,,,,
JAPAN (JPN) ,,,,,
JERSEY (JEY) ,,,,,
JOHNSTON ISLAND (JTN),,,,,
JORDAN (JOR) ,,,,,
KAZAKHSTAN (KAZ),,,,,
KENYA (KEN),,,,,
KIRIBATI (KIR),,,,,
KOSOVO (KVV),,,,,
KUWAIT (KWT),,,,,
KYRGYZSTAN (KGZ),,,,,
LAOS (LAO),,,,,
LATVIA (LVA),,,,,
LEBANON (LBN),,,,,
LESOTHO (LSO) ,,,,,
LIBERIA (LBR),,,,,
LIBYA (LBY),,,,,
LIECHTENSTEIN (LIE),,,,,
LITHUANIA (LTU),,,,,
LUXEMBOURG (LUX),,,,,
MACAU (MAC),,,,,
MACEDONIA (MKD),,,,,
MADAGASCAR (MDG),,,,,
MALAWI (MWI),,,,,
MALAYSIA (MYS) ,,,,,
MALDIVES (MDV),,,,,
MALI (MLI),,,,,
MALTA (MLT),,,,,
MARSHALL ISLANDS (MHL),,,,,
MARTINIQUE (MTQ),,,,,
MAURITANIA (MRT),,,,,
MAURITIUS (MUS) ,,,,,
MAYOTTE (MYT),,,,,
MEXICO (MEX),,,,,
MICRONESIA - FEDERATED STATES OF (FSM),,,,,
MIDWAY ISLANDS (MID) ,,,,,
MOLDOVA (MDA),,,,,
MONACO (MCO),,,,,
MONGOLIA (MNG),,,,,
MONTENEGRO (MNE),,,,,
MONTSERRAT (MSR) ,,,,,
MOROCCO (MAR),,,,,
MOZAMBIQUE (MOZ),,,,,
MYANMAR (MMR),,,,,
NAMIBIA (NAM),,,,,
NAURU (NRU) ,,,,,
NEPAL (NPL),,,,,
NETHERLANDS (NLD),,,,,
NETHERLANDS ANTILLES (ANT),,,,,
NEUTRAL ZONE (NTZ) ,,,,,
NEW CALEDONIA (NCL) ,,,,,
NEW ZEALAND (NZL),,,,,
NICARAGUA (NIC),,,,,
NIGER (NER),,,,,
NIGERIA (NGA),,,,,
NIUE (NIU),,,,,
NORFOLK ISLAND (NFK),,,,,
NORTH KOREA (PRK) ,,,,,
NORTHERN MARIANA ISLANDS (MNP),,,,,
NORWAY (NOR),,,,,
OMAN (OMN),,,,,
PAKISTAN (PAK),,,,,
PALAU (PLW),,,,,
PALESTINIAN TERRITORIES (PSE),,,,,
PANAMA (PAN),,,,,
PAPUA NEW GUINEA (PNG) ,,,,,
PARAGUAY (PRY) ,,,,,
PERU (PER) ,,,,,
PHILIPPINES (PHL),,,,,
PITCAIRN ISLANDS (PCN),,,,,
POLAND (POL),,,,,
PORTUGAL (PRT),,,,,
PUERTO RICO (PRI),,,,,
QATAR (QAT) ,,,,,
REUNION (REU),,,,,
ROMANIA (ROM),,,,,
RUSSIA (RUS),,,,,
RWANDA (RWA) ,,,,,
SAINT BARTHELEMY (BLM),,,,,
SAINT KITTS AND NEVIS (KNA),,,,,
SAINT LUCIA (LCA) ,,,,,
SAINT MARTIN (FRENCH PART) (MAF) ,,,,,
SAINT VINCENT AND THE GRENADINES (VCT),,,,,
SAMOA (WSM) ,,,,,
SAN MARINO (SMR),,,,,
SAO TOME AND PRINCIPE (STP),,,,,
SAUDI ARABIA (SAU),,,,,
SENEGAL (SEN),,,,,
SERBIA (SRB),,,,,
SERBIA AND MONTENEGRO (SCG),,,,,
SEYCHELLES (SYC),,,,,
SIERRA LEONE (SLE) ,,,,,
SINGAPORE (SGP),,,,,
SINT MAARTEN (DUTCH PART) (SXM) ,,,,,
SLOVAKIA (SVK) ,,,,,
SLOVENIA (SVN),,,,,
SOLOMON ISLANDS (SLB),,,,,
SOMALIA (SOM) ,,,,,
SOUTH AFRICA (ZAF),,,,,
SOUTH GEORGIA AND THE SOUTH SANDWICH ISLANDS (SGS),,,,,
SOUTH KOREA (KOR),,,,,
SOUTH SUDAN (SSD),,,,,
SPAIN (ESP),,,,,
SRI LANKA (LKA) ,,,,,
ST. HELENA (SHN),,,,,
ST. PIERRE AND MIQUELON (SPM) ,,,,,
SUDAN (SDN),,,,,
SURINAME (SUR),,,,,
SVALBARD AND JAN MAYEN ISLANDS (SJM),,,,,
SWAZILAND (SWZ),,,,,
SWEDEN (SWE),,,,,
SWITZERLAND (CHE) ,,,,,
SYRIA (SYR) ,,,,,
TAIWAN (TWN),,,,,
TAJIKISTAN (TJK),,,,,
TANZANIA (TZA) ,,,,,
THAILAND (THA),,,,,
TIMOR-LESTE (TLS) ,,,,,
TOGO (TGO),,,,,
TOKELAU (TKL) ,,,,,
TONGA (TON),,,,,
TRINIDAD AND TOBAGO (TTO),,,,,
TUNISIA (TUN) ,,,,,
TURKEY (TUR),,,,,
TURKMENISTAN (TKM),,,,,
TURKS AND CAICOS ISLANDS (TCA),,,,,
TUVALU (TUV) ,,,,,
UGANDA (UGA),,,,,
UKRAINE (UKR),,,,,
UNITED ARAB EMIRATES (ARE),,,,,
UNITED KINGDOM (GBR) ,,,,,
UNITED STATES (USA),,,,,
UNITED STATES MINOR OUTLYING ISLANDS (UMI),,,,,
URUGUAY (URY),,,,,
UZBEKISTAN (UZB),,,,,
VANUATU (VUT),,,,,
VATICAN CITY STATE (HOLY SEE) (VAT) ,,,,,
VENEZUELA (VEN),,,,,
VIETNAM (VNM),,,,,
VIRGIN ISLANDS (BRITISH) (VGB),,,,,
VIRGIN ISLANDS (U.S.) (VIR),,,,,
WAKE ISLAND (WAK) ,,,,,
WALLIS AND FUTUNA ISLANDS (WLF),,,,,
WESTERN SAHARA (ESH) ,,,,,
YEMEN (YEM) ,,,,,
ZAIRE (ZAR),,,,,
ZAMBIA (ZMB),,,,,
,,,,,
・都道府県　→テキスト入力,,,,,
項目内のデフォルト値は「（例）TOKYO」,,,,,
項目下に以下のテキストを表示,,,,,
「半角英字（ローマ字）にて入力してください」←強調用に赤色で,,,,,
「※ローマ字にて入力してください。」←通常通り黒色で,,,,,
,,,,,
・市区町村　→テキスト入力,,,,,
項目内のデフォルト値は「（例）CHIYODA-KU MARUNOUCHI」,,,,,
項目下に以下のテキストを表示,,,,,
「半角英数字で入力してください」←強調用に赤色で,,,,,
「※ローマ字・数字にて入力してください。」←通常通り黒色で,,,,,
,,,,,
・丁番地　→テキスト入力,,,,,
項目内のデフォルト値は「（例）1-1-1」,,,,,
項目下に以下のテキストを表示,,,,,
「※ローマ字・数字にて入力してください。」,,,,,
,,,,,
・建物名(任意)　→テキスト入力,,,,,
項目内のデフォルト値は「（例）ABC HOUSE・空欄でも可」,,,,,
項目下に以下のテキストを表示,,,,,
「※ローマ字・数字にて入力してください。」,,,,,
,,,,,
・部屋番号(任意)　→テキスト入力,,,,,
項目内のデフォルト値は「（例）101・空欄でも可」,,,,,
項目下に以下のテキストを表示,,,,,
「※ローマ字・数字にて入力してください。」,,,,,
,,,,,
・パスポート情報(←太字で強調)　隣に「？」ボタンを設置して,,,,,
「？」ボタンをクリックしたら、以下のポップアップ表示に遷移させて,,,,,
「パスポート情報」,,,,,
パスポートアップロードからパスポート有効期限満了日までのスクリーンショットを貼り付けて,,,,,
スクリーンショットの横に以下のテキストを表示させて,,,,,
「パスポートの顔写真ページ全体を撮影した画像のアップロードと、パスポートの記載情報を入力してください。,,,,,
顔写真ページ全体が映っていない、照明の反射で文字や画像が正しく識別できない場合は申請受付後に再提出が必要となります。日本発行のパスポート番号はアルファベット2文字と数字7桁の9桁です。入力の際は「発行年月日」と「有効期間満了日」の間違いにご注意ください。」,,,,,
,,,,,
「他国のパスポート・国家身分証明書の有無」,,,,,
他国のパスポート有無から有効期限までのスクリーンショットを貼り付けて,,,,,
スクリーンショットの横に以下のテキストを表示させて,,,,,
「申請者情報の国籍欄で選択した国以外からパスポートや国家身分証明書の発給を受けたことがある方は「はい」を選択し、発給国・種類・ID番号・有効期限を入力してください。ID番号または有効期限を忘れてしまった方、分からない方はどちらの項目も「UNKNOWN(不明)」を選択して構いません。」,,,,,
,,,,,
「出生国・出生都市」,,,,,
他国籍の有無（現在）から他国籍（過去）の放棄日までのスクリーンショットを貼り付けて,,,,,
スクリーンショットの横に以下のテキストを表示させて,,,,,
「申請者情報の国籍欄で選択した国以外の国籍・市民権を保有する方は「はい」を選択し、国籍と取得の経緯(出生による/両親を通じて/帰化/その他)を選択してください。,,,,,
過去に申請者情報の国籍欄で選択した国以外の国籍・市民権を保有していた方は「はい」を選択し、「過去に保有していた国籍」「過去に他国籍を取得した日」「他国籍を放棄した日」の選択が必須となります。「過去に他国籍を取得した日」と「他国籍を放棄した日」は、左から日/月/年の順に選択してください。」,,,,,
,,,,,
「GE/NEXUS/SENTRIメンバー」,,,,,
GE/NEXUS/SENTRIメンバーですか？からPASS IDまでもスクリーンショットを貼り付けて,,,,,
スクリーンショットの横に以下のテキストを表示させて,,,,,
「CBP Global Entry/NEXUS/SENTRIメンバーの方は「はい」を選択し、9桁のPASS IDを入力してください。」,,,,,
,,,,,
パスポートのアップロード,,,,,
項目のデフォルト値は「画像を選択してください」とテキストを表示,,,,,
項目下に以下の注釈を表示,,,,,
「※パスポートの顔写真ページ（機械読み取り部分を含む）全体が映っている画像をアップロードしてください。」,,,,,
「画像を選択してください」と押した後にポップアップを表示,,,,,
冒頭に以下のテキストを表示,,,,,
「パスポートの顔写真ページ画像をアップロードしてください。,,,,,
アップロードできる画像の種類は、jpg、jpeg、png、gifに限られファイルサイズの上限は10MBです。,,,,,
パスポート下部にある機械読み取り部分（MRZコード）を含むページ全体が映っている必要があり、 画像は縦、横どちらの向きでもかまいません。,,,,,
画像内に下記の項目がすべて映っていることをご確認ください。,,,,,
「アップロード」ボタンよりパスポート画像を提出してください。(←ここの一文だけ太字で)」,,,,,
テキスト下にパスポートの顔写真掲載ページのフリー画像を貼り付けて、下のMRZコードを強調させて,,,,,
右端に「×」印を表示させて、押されたら表示をポップアップ表示を閉じて,,,,,
右下には「アップロード」ボタンを設置。ボタンが押されたらエクスプローラーを起動させて,,,,,
パスポートアップロード項目の隣に「？」ボタンを設置。「？」ボタンをクリックしたら、以下のポップアップ表示に遷移させて,,,,,
ポップアップ表示の冒頭に「パスポートの顔写真ページ画像をアップロードしてください。,,,,,
アップロードできる画像の種類は、jpg、jpeg、png、gifに限られ、ファイルサイズの上限は10MBです。,,,,,
パスポート下部にある機械読み取り部分（MRZコード）を含むページ全体が映っている必要があります。,,,,,
顔写真ページ全体が映っていない、ぼやけている、照明の反射で文字や画像が正しく識別できない場合は、申請受付後に再提出をお願いすることがあります。画像内で下記の項目がすべて映っていることをご確認ください。画像が用意できましたら「画像を選択してください」をクリックし、アップロードをお願いします。」のテキストを表示,,,,,
テキスト下に,,,,,
・パスポートの顔写真掲載ページのフリー画像(下のMRZコードを強調),,,,,
太字テキスト：＜良い画像の例＞,,,,,
通常テキスト：パスポートの顔写真ページ全体が明瞭に映っている、画像の中心に撮影されている」,,,,,
パスポートの顔写真掲載ページのフリー画像,,,,,
太字テキスト：＜悪い画像の例＞,,,,,
通常テキスト：一部が見切れている、または隠れている,,,,,
パスポートの顔写真掲載ページの右側が見切れているフリー画像,,,,,
テキスト：ページ全体が写っていない,,,,,
パスポートの顔写真掲載ページの斜めっていて見切れているフリー画像,,,,,
テキスト：ぼやけている,,,,,
パスポートの顔写真掲載ページの詳細が曖昧に表示されたフリー画像,,,,,
テキスト：フラッシュ、照明の反射で文字が見えない,,,,,
反射で文字が見えないパスポートの顔写真掲載ページフリー画像,,,,,
右端に「×」印を表示させて、押されたら表示を閉じるようにして,,,,,
,,,,,
パスポートのアップロード,,,,,
項目のデフォルト値は「写真を選択してください」とテキストを表示,,,,,
項目下に以下の注釈を表示,,,,,
「※肩から頭部までが写っている写真をアップロードしてください。」,,,,,
「※パスポートの顔写真は使用できません。」,,,,,
「写真を選択してください」と押した後にポップアップを表示,,,,,
左側に黒塗りの人(バストアップ)のフリー画像を貼り付けて,,,,,
画像の右側には以下のテキストを表示させて,,,,,
「顔写真をアップロードする際は下記にご注意ください。,,,,,
(1行空ける),,,,,
・肩から頭部までが写っていること,,,,,
・背景は無地であること,,,,,
・白黒写真ではないこと,,,,,
・加工やフィルターを使用していないこと,,,,,
(1行空ける),,,,,
※帽子やサングラス、マスク、マフラーの装飾品は不可,,,,,
※パスポートの顔写真は使用できません。使用した場合は申請が取り消されます。,,,,,
※画像の種類は jpg、jpeg、png、gif で、ファイルサイズの上限は10MBです。」,,,,,
右端に「×」印を表示させて、押されたら表示を閉じるようにして,,,,,
右下には「アップロード」ボタンを設置。ボタンが押されたらエクスプローラーを起動させて,,,,,
,,,,,
顔写真のアップロード,,,,,
顔写真のアップロード項目の隣に「？」ボタンを設置。「？」ボタンをクリックしたら、以下のポップアップ表示に遷移させて,,,,,
ポップアップ表示の冒頭に以下のテキストを表示させて,,,,,
「顔写真をアップロードしてください。,,,,,
アップロードできる画像の種類は jpg、jpeg、png、gif で、ファイルサイズの上限は10MBです。,,,,,
背景が無地で肩から頭部までが写っているカラー写真である必要があります。,,,,,
肩から頭部までが写っていない、背景が無地でない、白黒写真、加工やフィルターを使用している場合は、申請受付後に再提出をお願いすることがあります。下記の＜悪い画像の例＞に当てはまっていないかご確認ください。写真が用意できましたら「写真を選択してください」をクリックし、アップロードをお願いします。」,,,,,
(一行空ける),,,,,
＜良い画像の例＞(←黒い太文字),,,,,
(一行空ける),,,,,
テキスト：背景が無地で肩から頭部までが写っているカラー写真,,,,,
黒塗りの人(バストアップ)のフリー画像を貼り付けて,,,,,
(一行空ける),,,,,
テキスト：肩から頭部までが写っていない,,,,,
右側が隠れている黒塗りの人(バストアップ)のフリー画像を貼り付けて,,,,,
テキスト：背景が無地ではない,,,,,
背景が風景写真の黒塗りの人(バストアップ)のフリー画像を貼り付けて,,,,,
テキスト：白黒写真、加工やフィルターを使用している,,,,,
加工された黒塗りの人(バストアップ)のフリー画像を貼り付けて,,,,,
テキスト：帽子やサングラス、マスク、マフラーなどの装飾品を付けている,,,,,
マスクを付けている黒塗りの人(バストアップ)のフリー画像を貼り付けて,,,,,
テキスト：パスポートの顔写真を切り取ったもの,,,,,
パスポートの顔写真ページを一部切り取ったフリー画像を貼り付けて,,,,,
右端に「×」印を表示させて、押されたら表示を閉じるようにして,,,,,
,,,,,
パスポート番号　→テキスト入力,,,,,
デフォルト値は「（例）TH1234567」,,,,,
日本語が入力された場合、項目下に赤色で「パスポート番号に誤りがあります」とエラーメッセージを表示させて,,,,,
英語の小文字が入力された場合、自動で半角大文字に変換させて,,,,,
,,,,,
パスポート発行年月日　プルダウン選択,,,,,
「日」、「月」、「年」の順に表示,,,,,
日→デフォルト値は「Day」日、1～31まで選べるようにする,,,,,
Dayの部分をプルダウン選択にする,,,,,
月→デフォルト値は「Month」月、は1(Jan)～12(Dec)までの間で選べるようにする,,,,,
Monthの部分をプルダウン選択にする,,,,,
→1(Jan)・2(Feb)・3(Mar)・4(Apr)・5(May)・6(Jun)・7(Jul)・8(Aug)・9(Sep)・10(Oct)・11(Nov)・12(Dec),,,,,
年→デフォルト値は「Year」年、2016～2026まで選べるようにする,,,,,
Yearの部分プルダウン選択にする,,,,,
,,,,,
パスポート有効期間満了日　プルダウン選択,,,,,
「日」、「月」、「年」の順に表示,,,,,
日→デフォルト値は「Day」日、1～31まで選べるようにする,,,,,
Dayの部分をプルダウン選択にする,,,,,
月→デフォルト値は「Month」月、は1(Jan)～12(Dec)までの間で選べるようにする,,,,,
Monthの部分をプルダウン選択にする,,,,,
→1(Jan)・2(Feb)・3(Mar)・4(Apr)・5(May)・6(Jun)・7(Jul)・8(Aug)・9(Sep)・10(Oct)・11(Nov)・12(Dec),,,,,
年→デフォルト値は「Year」年、2026～2036まで選べるようにする,,,,,
Yearの部分プルダウン選択にする,,,,,
,,,,,
他国のパスポート有無　「はい」と「いいえ」の選択タブ,,,,,
項目下にテキスト「※これまでに他国のパスポートおよび国家身分証明書を発給されたことはありますか？」と注釈を入れて。,,,,,
「はい」と選択された場合「発給国」・「種類」・「ID番号」・「有効期限」の項目を表示させて,,,,,
発給国　→プルダウン選択,,,,,
デフォルト値は「選択してください」。発給国の選択項目一覧は以下に記載しておくよ。,,,,,
AFGHANISTAN (AFG),,,,,
ALAND ISLANDS (ALA),,,,,
ALBANIA (ALB) ,,,,,
ALGERIA (DZA),,,,,
AMERICAN SAMOA (ASM),,,,,
ANDORRA (AND),,,,,
ANGOLA (AGO) ,,,,,
ANGUILLA (AIA),,,,,
ANTARCTICA (ATA),,,,,
ANTIGUA AND BARBUDA (ATG) ,,,,,
ARGENTINA (ARG),,,,,
ARMENIA (ARM),,,,,
ARUBA (ABW),,,,,
AUSTRALIA (AUS),,,,,
AUSTRIA (AUT),,,,,
AZERBAIJAN (AZE) ,,,,,
BAHAMAS (BHS),,,,,
BAHRAIN (BHR),,,,,
BANGLADESH (BGD),,,,,
BARBADOS (BRB),,,,,
BELARUS (BLR),,,,,
BELGIUM (BEL),,,,,
BELIZE (BLZ),,,,,
BENIN (BEN) ,,,,,
BERMUDA (BMU) ,,,,,
BHUTAN (BTN),,,,,
BOLIVIA (BOL) ,,,,,
"BONAIRE, SINT EUSTATIUS AND SABA (BES) ",,,,,
BOSNIA AND HERZEGOVINA (BIH),,,,,
BOTSWANA (BWA),,,,,
BOUVET ISLAND (BVT),,,,,
BRAZIL (BRA),,,,,
BRITISH INDIAN OCEAN TERRITORY (IOT),,,,,
BRUNEI (BRN) ,,,,,
BULGARIA (BGR),,,,,
BURKINA FASO,,,,,
BURMA (BUR),,,,,
BURUNDI (BDI),,,,,
CAMBODIA (KHM),,,,,
CAMEROON (CMR),,,,,
CANADA (CAN),,,,,
CANTON AND ENDERBURY ISLANDS (CTE),,,,,
CAPE VERDE (CPV),,,,,
CAYMAN ISLANDS (CYM),,,,,
CENTRAL AFRICAN REPUBLIC (CAF),,,,,
CHAD (TCD),,,,,
CHILE (CHL),,,,,
CHINA (CHN),,,,,
CHRISTMAS ISLAND (CXR),,,,,
COCOS (KEELING),,,,,
ISLANDS (CCK),,,,,
COLOMBIA (COL),,,,,
COMOROS (COM),,,,,
"CONGO, DEMOCRATIC REPUBLIC OF (COD)",,,,,
"CONGO, REPUBLIC OF (COG)",,,,,
COOK ISLANDS (COK) ,,,,,
COSTA RICA (CRI),,,,,
COTE D'IVOIRE (CIV),,,,,
CROATIA (HRV),,,,,
CUBA (CUB),,,,,
CURACAO (CUW),,,,,
CYPRUS (CYP),,,,,
CZECH REPUBLIC (CZE),,,,,
DEMOCRATIC YEMEN (YMD),,,,,
DENMARK (DNK) ,,,,,
DJIBOUTI (DJI),,,,,
DOMINICA (DMA),,,,,
DOMINICAN REPUBLIC (DOM),,,,,
DRONNING MAUD LAND (DML) ,,,,,
EAST TIMOR (TMP),,,,,
ECUADOR (ECU) ,,,,,
EGYPT (EGY),,,,,
EL SALVADOR (SLV),,,,,
EQUATORIAL GUINEA (GNQ),,,,,
ERITREA (ERI),,,,,
ESTONIA (EST),,,,,
ETHIOPIA (ETH),,,,,
FALKLAND ISLANDS (FLK) ,,,,,
FAROE ISLANDS (FRO),,,,,
FIJI (FJI),,,,,
FINLAND (FIN) ,,,,,
FRANCE (FRA),,,,,
FRANCE METROPOLITAN (FXX),,,,,
FRENCH GUIANA (GUF),,,,,
FRENCH POLYNESIA (PYF),,,,,
FRENCH SOUTHERN TERRITORIES (ATF) ,,,,,
GABON (GAB),,,,,
GAMBIA (GMB),,,,,
GEORGIA (GEO),,,,,
GERMANY (DEU),,,,,
GHANA (GHA),,,,,
GIBRALTAR (GIB),,,,,
GREECE (GRC) ,,,,,
GREENLAND (GRL),,,,,
GRENADA (GRD),,,,,
GUADELOUPE (GLP),,,,,
GUAM (GUM) ,,,,,
GUATEMALA (GTM),,,,,
GUERNSEY (GGY) ,,,,,
GUINEA (GIN),,,,,
GUINEA-BISSAU (GNB),,,,,
GUYANA (GUY),,,,,
HAITI (HTI),,,,,
HEARD AND MC DONALD ISLANDS (HMD),,,,,
HONDURAS (HND),,,,,
HONG KONG (HKG) ,,,,,
HUNGARY (HUN),,,,,
ICELAND (ISL),,,,,
INDIA (IND),,,,,
INDONESIA (IDN),,,,,
IRAN (IRN),,,,,
IRAQ (IRQ) ,,,,,
IRELAND (IRL),,,,,
ISLE OF MAN (IMN) ,,,,,
ISRAEL (ISR),,,,,
ITALY (ITA) ,,,,,
JAMAICA (JAM),,,,,
JAPAN (JPN) ,,,,,
JERSEY (JEY) ,,,,,
JOHNSTON ISLAND (JTN),,,,,
JORDAN (JOR) ,,,,,
KAZAKHSTAN (KAZ),,,,,
KENYA (KEN),,,,,
KIRIBATI (KIR),,,,,
KOSOVO (KVV),,,,,
KUWAIT (KWT),,,,,
KYRGYZSTAN (KGZ),,,,,
LAOS (LAO),,,,,
LATVIA (LVA),,,,,
LEBANON (LBN),,,,,
LESOTHO (LSO) ,,,,,
LIBERIA (LBR),,,,,
LIBYA (LBY),,,,,
LIECHTENSTEIN (LIE),,,,,
LITHUANIA (LTU),,,,,
LUXEMBOURG (LUX),,,,,
MACAU (MAC),,,,,
MACEDONIA (MKD),,,,,
MADAGASCAR (MDG),,,,,
MALAWI (MWI),,,,,
MALAYSIA (MYS) ,,,,,
MALDIVES (MDV),,,,,
MALI (MLI),,,,,
MALTA (MLT),,,,,
MARSHALL ISLANDS (MHL),,,,,
MARTINIQUE (MTQ),,,,,
MAURITANIA (MRT),,,,,
MAURITIUS (MUS) ,,,,,
MAYOTTE (MYT),,,,,
MEXICO (MEX),,,,,
MICRONESIA - FEDERATED STATES OF (FSM),,,,,
MIDWAY ISLANDS (MID) ,,,,,
MOLDOVA (MDA),,,,,
MONACO (MCO),,,,,
MONGOLIA (MNG),,,,,
MONTENEGRO (MNE),,,,,
MONTSERRAT (MSR) ,,,,,
MOROCCO (MAR),,,,,
MOZAMBIQUE (MOZ),,,,,
MYANMAR (MMR),,,,,
NAMIBIA (NAM),,,,,
NAURU (NRU) ,,,,,
NEPAL (NPL),,,,,
NETHERLANDS (NLD),,,,,
NETHERLANDS ANTILLES (ANT),,,,,
NEUTRAL ZONE (NTZ) ,,,,,
NEW CALEDONIA (NCL) ,,,,,
NEW ZEALAND (NZL),,,,,
NICARAGUA (NIC),,,,,
NIGER (NER),,,,,
NIGERIA (NGA),,,,,
NIUE (NIU),,,,,
NORFOLK ISLAND (NFK),,,,,
NORTH KOREA (PRK) ,,,,,
NORTHERN MARIANA ISLANDS (MNP),,,,,
NORWAY (NOR),,,,,
OMAN (OMN),,,,,
PAKISTAN (PAK),,,,,
PALAU (PLW),,,,,
PALESTINIAN TERRITORIES (PSE),,,,,
PANAMA (PAN),,,,,
PAPUA NEW GUINEA (PNG) ,,,,,
PARAGUAY (PRY) ,,,,,
PERU (PER) ,,,,,
PHILIPPINES (PHL),,,,,
PITCAIRN ISLANDS (PCN),,,,,
POLAND (POL),,,,,
PORTUGAL (PRT),,,,,
PUERTO RICO (PRI),,,,,
QATAR (QAT) ,,,,,
REUNION (REU),,,,,
ROMANIA (ROM),,,,,
RUSSIA (RUS),,,,,
RWANDA (RWA) ,,,,,
SAINT BARTHELEMY (BLM),,,,,
SAINT KITTS AND NEVIS (KNA),,,,,
SAINT LUCIA (LCA) ,,,,,
SAINT MARTIN (FRENCH PART) (MAF) ,,,,,
SAINT VINCENT AND THE GRENADINES (VCT),,,,,
SAMOA (WSM) ,,,,,
SAN MARINO (SMR),,,,,
SAO TOME AND PRINCIPE (STP),,,,,
SAUDI ARABIA (SAU),,,,,
SENEGAL (SEN),,,,,
SERBIA (SRB),,,,,
SERBIA AND MONTENEGRO (SCG),,,,,
SEYCHELLES (SYC),,,,,
SIERRA LEONE (SLE) ,,,,,
SINGAPORE (SGP),,,,,
SINT MAARTEN (DUTCH PART) (SXM) ,,,,,
SLOVAKIA (SVK) ,,,,,
SLOVENIA (SVN),,,,,
SOLOMON ISLANDS (SLB),,,,,
SOMALIA (SOM) ,,,,,
SOUTH AFRICA (ZAF),,,,,
SOUTH GEORGIA AND THE SOUTH SANDWICH ISLANDS (SGS),,,,,
SOUTH KOREA (KOR),,,,,
SOUTH SUDAN (SSD),,,,,
SPAIN (ESP),,,,,
SRI LANKA (LKA) ,,,,,
ST. HELENA (SHN),,,,,
ST. PIERRE AND MIQUELON (SPM) ,,,,,
SUDAN (SDN),,,,,
SURINAME (SUR),,,,,
SVALBARD AND JAN MAYEN ISLANDS (SJM),,,,,
SWAZILAND (SWZ),,,,,
SWEDEN (SWE),,,,,
SWITZERLAND (CHE) ,,,,,
SYRIA (SYR) ,,,,,
TAIWAN (TWN),,,,,
TAJIKISTAN (TJK),,,,,
TANZANIA (TZA) ,,,,,
THAILAND (THA),,,,,
TIMOR-LESTE (TLS) ,,,,,
TOGO (TGO),,,,,
TOKELAU (TKL) ,,,,,
TONGA (TON),,,,,
TRINIDAD AND TOBAGO (TTO),,,,,
TUNISIA (TUN) ,,,,,
TURKEY (TUR),,,,,
TURKMENISTAN (TKM),,,,,
TURKS AND CAICOS ISLANDS (TCA),,,,,
TUVALU (TUV) ,,,,,
UGANDA (UGA),,,,,
UKRAINE (UKR),,,,,
UNITED ARAB EMIRATES (ARE),,,,,
UNITED KINGDOM (GBR) ,,,,,
UNITED STATES (USA),,,,,
UNITED STATES MINOR OUTLYING ISLANDS (UMI),,,,,
URUGUAY (URY),,,,,
UZBEKISTAN (UZB),,,,,
VANUATU (VUT),,,,,
VATICAN CITY STATE (HOLY SEE) (VAT) ,,,,,
VENEZUELA (VEN),,,,,
VIETNAM (VNM),,,,,
VIRGIN ISLANDS (BRITISH) (VGB),,,,,
VIRGIN ISLANDS (U.S.) (VIR),,,,,
WAKE ISLAND (WAK) ,,,,,
WALLIS AND FUTUNA ISLANDS (WLF),,,,,
WESTERN SAHARA (ESH) ,,,,,
YEMEN (YEM) ,,,,,
ZAIRE (ZAR),,,,,
ZAMBIA (ZMB),,,,,
ZIMBABWE (ZWE) ,,,,,
,,,,,
種類　→プルダウン選択,,,,,
デフォルト値は「選択してください」で、「パスポート」・「国家身分証明書」から選べるようにして,,,,,
ID番組　→テキスト入力,,,,,
デフォルト値は「半角英数字で入力してください」,,,,,
項目下に「※不明な場合は「UNKNOWN」と入力してください。」と表示させて,,,,,
日本語が入力された場合、項目下に赤色で「半角英数字で入力してください」とエラーメッセージを表示させて,,,,,
英語の小文字が入力された場合、自動で半角大文字に変換させて,,,,,
有効期限　→プルダウン選択,,,,,
デフォルト値は「Year」年/「Year」を1900年～2036年までの間を選択できるようにして,,,,,
項目下に【※不明な場合は「UNKNOWN」を選択してください。】と注釈を入れて,,,,,
,,,,,
出生国　→プルダウン選択,,,,,
デフォルト値は「JAPAN(JPN)」。出生国の選択項目一覧は以下に記載しておくよ。,,,,,
AFGHANISTAN (AFG),,,,,
ALAND ISLANDS (ALA),,,,,
ALBANIA (ALB) ,,,,,
ALGERIA (DZA),,,,,
AMERICAN SAMOA (ASM),,,,,
ANDORRA (AND),,,,,
ANGOLA (AGO) ,,,,,
ANGUILLA (AIA),,,,,
ANTARCTICA (ATA),,,,,
ANTIGUA AND BARBUDA (ATG) ,,,,,
ARGENTINA (ARG),,,,,
ARMENIA (ARM),,,,,
ARUBA (ABW),,,,,
AUSTRALIA (AUS),,,,,
AUSTRIA (AUT),,,,,
AZERBAIJAN (AZE) ,,,,,
BAHAMAS (BHS),,,,,
BAHRAIN (BHR),,,,,
BANGLADESH (BGD),,,,,
BARBADOS (BRB),,,,,
BELARUS (BLR),,,,,
BELGIUM (BEL),,,,,
BELIZE (BLZ),,,,,
BENIN (BEN) ,,,,,
BERMUDA (BMU) ,,,,,
BHUTAN (BTN),,,,,
BOLIVIA (BOL) ,,,,,
"BONAIRE, SINT EUSTATIUS AND SABA (BES) ",,,,,
BOSNIA AND HERZEGOVINA (BIH),,,,,
BOTSWANA (BWA),,,,,
BOUVET ISLAND (BVT),,,,,
BRAZIL (BRA),,,,,
BRITISH INDIAN OCEAN TERRITORY (IOT),,,,,
BRUNEI (BRN) ,,,,,
BULGARIA (BGR),,,,,
BURKINA FASO,,,,,
BURMA (BUR),,,,,
BURUNDI (BDI),,,,,
CAMBODIA (KHM),,,,,
CAMEROON (CMR),,,,,
CANADA (CAN),,,,,
CANTON AND ENDERBURY ISLANDS (CTE),,,,,
CAPE VERDE (CPV),,,,,
CAYMAN ISLANDS (CYM),,,,,
CENTRAL AFRICAN REPUBLIC (CAF),,,,,
CHAD (TCD),,,,,
CHILE (CHL),,,,,
CHINA (CHN),,,,,
CHRISTMAS ISLAND (CXR),,,,,
COCOS (KEELING),,,,,
ISLANDS (CCK),,,,,
COLOMBIA (COL),,,,,
COMOROS (COM),,,,,
"CONGO, DEMOCRATIC REPUBLIC OF (COD)",,,,,
"CONGO, REPUBLIC OF (COG)",,,,,
COOK ISLANDS (COK) ,,,,,
COSTA RICA (CRI),,,,,
COTE D'IVOIRE (CIV),,,,,
CROATIA (HRV),,,,,
CUBA (CUB),,,,,
CURACAO (CUW),,,,,
CYPRUS (CYP),,,,,
CZECH REPUBLIC (CZE),,,,,
DEMOCRATIC YEMEN (YMD),,,,,
DENMARK (DNK) ,,,,,
DJIBOUTI (DJI),,,,,
DOMINICA (DMA),,,,,
DOMINICAN REPUBLIC (DOM),,,,,
DRONNING MAUD LAND (DML) ,,,,,
EAST TIMOR (TMP),,,,,
ECUADOR (ECU) ,,,,,
EGYPT (EGY),,,,,
EL SALVADOR (SLV),,,,,
EQUATORIAL GUINEA (GNQ),,,,,
ERITREA (ERI),,,,,
ESTONIA (EST),,,,,
ETHIOPIA (ETH),,,,,
FALKLAND ISLANDS (FLK) ,,,,,
FAROE ISLANDS (FRO),,,,,
FIJI (FJI),,,,,
FINLAND (FIN) ,,,,,
FRANCE (FRA),,,,,
FRANCE METROPOLITAN (FXX),,,,,
FRENCH GUIANA (GUF),,,,,
FRENCH POLYNESIA (PYF),,,,,
FRENCH SOUTHERN TERRITORIES (ATF) ,,,,,
GABON (GAB),,,,,
GAMBIA (GMB),,,,,
GEORGIA (GEO),,,,,
GERMANY (DEU),,,,,
GHANA (GHA),,,,,
GIBRALTAR (GIB),,,,,
GREECE (GRC) ,,,,,
GREENLAND (GRL),,,,,
GRENADA (GRD),,,,,
GUADELOUPE (GLP),,,,,
GUAM (GUM) ,,,,,
GUATEMALA (GTM),,,,,
GUERNSEY (GGY) ,,,,,
GUINEA (GIN),,,,,
GUINEA-BISSAU (GNB),,,,,
GUYANA (GUY),,,,,
HAITI (HTI),,,,,
HEARD AND MC DONALD ISLANDS (HMD),,,,,
HONDURAS (HND),,,,,
HONG KONG (HKG) ,,,,,
HUNGARY (HUN),,,,,
ICELAND (ISL),,,,,
INDIA (IND),,,,,
INDONESIA (IDN),,,,,
IRAN (IRN),,,,,
IRAQ (IRQ) ,,,,,
IRELAND (IRL),,,,,
ISLE OF MAN (IMN) ,,,,,
ISRAEL (ISR),,,,,
ITALY (ITA) ,,,,,
JAMAICA (JAM),,,,,
JAPAN (JPN) ,,,,,
JERSEY (JEY) ,,,,,
JOHNSTON ISLAND (JTN),,,,,
JORDAN (JOR) ,,,,,
KAZAKHSTAN (KAZ),,,,,
KENYA (KEN),,,,,
KIRIBATI (KIR),,,,,
KOSOVO (KVV),,,,,
KUWAIT (KWT),,,,,
KYRGYZSTAN (KGZ),,,,,
LAOS (LAO),,,,,
LATVIA (LVA),,,,,
LEBANON (LBN),,,,,
LESOTHO (LSO) ,,,,,
LIBERIA (LBR),,,,,
LIBYA (LBY),,,,,
LIECHTENSTEIN (LIE),,,,,
LITHUANIA (LTU),,,,,
LUXEMBOURG (LUX),,,,,
MACAU (MAC),,,,,
MACEDONIA (MKD),,,,,
MADAGASCAR (MDG),,,,,
MALAWI (MWI),,,,,
MALAYSIA (MYS) ,,,,,
MALDIVES (MDV),,,,,
MALI (MLI),,,,,
MALTA (MLT),,,,,
MARSHALL ISLANDS (MHL),,,,,
MARTINIQUE (MTQ),,,,,
MAURITANIA (MRT),,,,,
MAURITIUS (MUS) ,,,,,
MAYOTTE (MYT),,,,,
MEXICO (MEX),,,,,
MICRONESIA - FEDERATED STATES OF (FSM),,,,,
MIDWAY ISLANDS (MID) ,,,,,
MOLDOVA (MDA),,,,,
MONACO (MCO),,,,,
MONGOLIA (MNG),,,,,
MONTENEGRO (MNE),,,,,
MONTSERRAT (MSR) ,,,,,
MOROCCO (MAR),,,,,
MOZAMBIQUE (MOZ),,,,,
MYANMAR (MMR),,,,,
NAMIBIA (NAM),,,,,
NAURU (NRU) ,,,,,
NEPAL (NPL),,,,,
NETHERLANDS (NLD),,,,,
NETHERLANDS ANTILLES (ANT),,,,,
NEUTRAL ZONE (NTZ) ,,,,,
NEW CALEDONIA (NCL) ,,,,,
NEW ZEALAND (NZL),,,,,
NICARAGUA (NIC),,,,,
NIGER (NER),,,,,
NIGERIA (NGA),,,,,
NIUE (NIU),,,,,
NORFOLK ISLAND (NFK),,,,,
NORTH KOREA (PRK) ,,,,,
NORTHERN MARIANA ISLANDS (MNP),,,,,
NORWAY (NOR),,,,,
OMAN (OMN),,,,,
PAKISTAN (PAK),,,,,
PALAU (PLW),,,,,
PALESTINIAN TERRITORIES (PSE),,,,,
PANAMA (PAN),,,,,
PAPUA NEW GUINEA (PNG) ,,,,,
PARAGUAY (PRY) ,,,,,
PERU (PER) ,,,,,
PHILIPPINES (PHL),,,,,
PITCAIRN ISLANDS (PCN),,,,,
POLAND (POL),,,,,
PORTUGAL (PRT),,,,,
PUERTO RICO (PRI),,,,,
QATAR (QAT) ,,,,,
REUNION (REU),,,,,
ROMANIA (ROM),,,,,
RUSSIA (RUS),,,,,
RWANDA (RWA) ,,,,,
SAINT BARTHELEMY (BLM),,,,,
SAINT KITTS AND NEVIS (KNA),,,,,
SAINT LUCIA (LCA) ,,,,,
SAINT MARTIN (FRENCH PART) (MAF) ,,,,,
SAINT VINCENT AND THE GRENADINES (VCT),,,,,
SAMOA (WSM) ,,,,,
SAN MARINO (SMR),,,,,
SAO TOME AND PRINCIPE (STP),,,,,
SAUDI ARABIA (SAU),,,,,
SENEGAL (SEN),,,,,
SERBIA (SRB),,,,,
SERBIA AND MONTENEGRO (SCG),,,,,
SEYCHELLES (SYC),,,,,
SIERRA LEONE (SLE) ,,,,,
SINGAPORE (SGP),,,,,
SINT MAARTEN (DUTCH PART) (SXM) ,,,,,
SLOVAKIA (SVK) ,,,,,
SLOVENIA (SVN),,,,,
SOLOMON ISLANDS (SLB),,,,,
SOMALIA (SOM) ,,,,,
SOUTH AFRICA (ZAF),,,,,
SOUTH GEORGIA AND THE SOUTH SANDWICH ISLANDS (SGS),,,,,
SOUTH KOREA (KOR),,,,,
SOUTH SUDAN (SSD),,,,,
SPAIN (ESP),,,,,
SRI LANKA (LKA) ,,,,,
ST. HELENA (SHN),,,,,
ST. PIERRE AND MIQUELON (SPM) ,,,,,
SUDAN (SDN),,,,,
SURINAME (SUR),,,,,
SVALBARD AND JAN MAYEN ISLANDS (SJM),,,,,
SWAZILAND (SWZ),,,,,
SWEDEN (SWE),,,,,
SWITZERLAND (CHE) ,,,,,
SYRIA (SYR) ,,,,,
TAIWAN (TWN),,,,,
TAJIKISTAN (TJK),,,,,
TANZANIA (TZA) ,,,,,
THAILAND (THA),,,,,
TIMOR-LESTE (TLS) ,,,,,
TOGO (TGO),,,,,
TOKELAU (TKL) ,,,,,
TONGA (TON),,,,,
TRINIDAD AND TOBAGO (TTO),,,,,
TUNISIA (TUN) ,,,,,
TURKEY (TUR),,,,,
TURKMENISTAN (TKM),,,,,
TURKS AND CAICOS ISLANDS (TCA),,,,,
TUVALU (TUV) ,,,,,
UGANDA (UGA),,,,,
UKRAINE (UKR),,,,,
UNITED ARAB EMIRATES (ARE),,,,,
UNITED KINGDOM (GBR) ,,,,,
UNITED STATES (USA),,,,,
UNITED STATES MINOR OUTLYING ISLANDS (UMI),,,,,
URUGUAY (URY),,,,,
UZBEKISTAN (UZB),,,,,
VANUATU (VUT),,,,,
VATICAN CITY STATE (HOLY SEE) (VAT) ,,,,,
VENEZUELA (VEN),,,,,
VIETNAM (VNM),,,,,
VIRGIN ISLANDS (BRITISH) (VGB),,,,,
VIRGIN ISLANDS (U.S.) (VIR),,,,,
WAKE ISLAND (WAK) ,,,,,
WALLIS AND FUTUNA ISLANDS (WLF),,,,,
WESTERN SAHARA (ESH) ,,,,,
YEMEN (YEM) ,,,,,
ZAIRE (ZAR),,,,,
ZAMBIA (ZMB),,,,,
ZIMBABWE (ZWE) ,,,,,
,,,,,
出生都市(任意)　→テキスト入力,,,,,
デフォルト値は「（例）TOKYO・空欄でも可」,,,,,
項目下に「※出生した都道府県または市区町村をローマ字にて入力してください。ご不明な場合は、空欄のままで構いません。」という注釈を入れて,,,,,
,,,,,
他国籍の有無（現在）　「はい」と「いいえ」の選択タブ,,,,,
項目下に「※現在、他の国の国民または市民ですか？」と注釈を入れて,,,,,
「はい」と選択された場合「他国籍（現在）」・「種類」・「他国籍取得の経緯」の項目を表示させて,,,,,
他国籍（現在）　→プルダウン選択,,,,,
項目下に「※現在の国籍を選択してください」と注釈を入れて,,,,,
デフォルト値は「選択してください」にして。国籍の選択項目一覧は以下に記載しておくよ。,,,,,
AFGHANISTAN (AFG),,,,,
ALAND ISLANDS (ALA),,,,,
ALBANIA (ALB) ,,,,,
ALGERIA (DZA),,,,,
AMERICAN SAMOA (ASM),,,,,
ANDORRA (AND),,,,,
ANGOLA (AGO) ,,,,,
ANGUILLA (AIA),,,,,
ANTARCTICA (ATA),,,,,
ANTIGUA AND BARBUDA (ATG) ,,,,,
ARGENTINA (ARG),,,,,
ARMENIA (ARM),,,,,
ARUBA (ABW),,,,,
AUSTRALIA (AUS),,,,,
AUSTRIA (AUT),,,,,
AZERBAIJAN (AZE) ,,,,,
BAHAMAS (BHS),,,,,
BAHRAIN (BHR),,,,,
BANGLADESH (BGD),,,,,
BARBADOS (BRB),,,,,
BELARUS (BLR),,,,,
BELGIUM (BEL),,,,,
BELIZE (BLZ),,,,,
BENIN (BEN) ,,,,,
BERMUDA (BMU) ,,,,,
BHUTAN (BTN),,,,,
BOLIVIA (BOL) ,,,,,
"BONAIRE, SINT EUSTATIUS AND SABA (BES) ",,,,,
BOSNIA AND HERZEGOVINA (BIH),,,,,
BOTSWANA (BWA),,,,,
BOUVET ISLAND (BVT),,,,,
BRAZIL (BRA),,,,,
BRITISH INDIAN OCEAN TERRITORY (IOT),,,,,
BRUNEI (BRN) ,,,,,
BULGARIA (BGR),,,,,
BURKINA FASO,,,,,
BURMA (BUR),,,,,
BURUNDI (BDI),,,,,
CAMBODIA (KHM),,,,,
CAMEROON (CMR),,,,,
CANADA (CAN),,,,,
CANTON AND ENDERBURY ISLANDS (CTE),,,,,
CAPE VERDE (CPV),,,,,
CAYMAN ISLANDS (CYM),,,,,
CENTRAL AFRICAN REPUBLIC (CAF),,,,,
CHAD (TCD),,,,,
CHILE (CHL),,,,,
CHINA (CHN),,,,,
CHRISTMAS ISLAND (CXR),,,,,
COCOS (KEELING),,,,,
ISLANDS (CCK),,,,,
COLOMBIA (COL),,,,,
COMOROS (COM),,,,,
"CONGO, DEMOCRATIC REPUBLIC OF (COD)",,,,,
"CONGO, REPUBLIC OF (COG)",,,,,
COOK ISLANDS (COK) ,,,,,
COSTA RICA (CRI),,,,,
COTE D'IVOIRE (CIV),,,,,
CROATIA (HRV),,,,,
CUBA (CUB),,,,,
CURACAO (CUW),,,,,
CYPRUS (CYP),,,,,
CZECH REPUBLIC (CZE),,,,,
DEMOCRATIC YEMEN (YMD),,,,,
DENMARK (DNK) ,,,,,
DJIBOUTI (DJI),,,,,
DOMINICA (DMA),,,,,
DOMINICAN REPUBLIC (DOM),,,,,
DRONNING MAUD LAND (DML) ,,,,,
EAST TIMOR (TMP),,,,,
ECUADOR (ECU) ,,,,,
EGYPT (EGY),,,,,
EL SALVADOR (SLV),,,,,
EQUATORIAL GUINEA (GNQ),,,,,
ERITREA (ERI),,,,,
ESTONIA (EST),,,,,
ETHIOPIA (ETH),,,,,
FALKLAND ISLANDS (FLK) ,,,,,
FAROE ISLANDS (FRO),,,,,
FIJI (FJI),,,,,
FINLAND (FIN) ,,,,,
FRANCE (FRA),,,,,
FRANCE METROPOLITAN (FXX),,,,,
FRENCH GUIANA (GUF),,,,,
FRENCH POLYNESIA (PYF),,,,,
FRENCH SOUTHERN TERRITORIES (ATF) ,,,,,
GABON (GAB),,,,,
GAMBIA (GMB),,,,,
GEORGIA (GEO),,,,,
GERMANY (DEU),,,,,
GHANA (GHA),,,,,
GIBRALTAR (GIB),,,,,
GREECE (GRC) ,,,,,
GREENLAND (GRL),,,,,
GRENADA (GRD),,,,,
GUADELOUPE (GLP),,,,,
GUAM (GUM) ,,,,,
GUATEMALA (GTM),,,,,
GUERNSEY (GGY) ,,,,,
GUINEA (GIN),,,,,
GUINEA-BISSAU (GNB),,,,,
GUYANA (GUY),,,,,
HAITI (HTI),,,,,
HEARD AND MC DONALD ISLANDS (HMD),,,,,
HONDURAS (HND),,,,,
HONG KONG (HKG) ,,,,,
HUNGARY (HUN),,,,,
ICELAND (ISL),,,,,
INDIA (IND),,,,,
INDONESIA (IDN),,,,,
IRAN (IRN),,,,,
IRAQ (IRQ) ,,,,,
IRELAND (IRL),,,,,
ISLE OF MAN (IMN) ,,,,,
ISRAEL (ISR),,,,,
ITALY (ITA) ,,,,,
JAMAICA (JAM),,,,,
JAPAN (JPN) ,,,,,
JERSEY (JEY) ,,,,,
JOHNSTON ISLAND (JTN),,,,,
JORDAN (JOR) ,,,,,
KAZAKHSTAN (KAZ),,,,,
KENYA (KEN),,,,,
KIRIBATI (KIR),,,,,
KOSOVO (KVV),,,,,
KUWAIT (KWT),,,,,
KYRGYZSTAN (KGZ),,,,,
LAOS (LAO),,,,,
LATVIA (LVA),,,,,
LEBANON (LBN),,,,,
LESOTHO (LSO) ,,,,,
LIBERIA (LBR),,,,,
LIBYA (LBY),,,,,
LIECHTENSTEIN (LIE),,,,,
LITHUANIA (LTU),,,,,
LUXEMBOURG (LUX),,,,,
MACAU (MAC),,,,,
MACEDONIA (MKD),,,,,
MADAGASCAR (MDG),,,,,
MALAWI (MWI),,,,,
MALAYSIA (MYS) ,,,,,
MALDIVES (MDV),,,,,
MALI (MLI),,,,,
MALTA (MLT),,,,,
MARSHALL ISLANDS (MHL),,,,,
MARTINIQUE (MTQ),,,,,
MAURITANIA (MRT),,,,,
MAURITIUS (MUS) ,,,,,
MAYOTTE (MYT),,,,,
MEXICO (MEX),,,,,
MICRONESIA - FEDERATED STATES OF (FSM),,,,,
MIDWAY ISLANDS (MID) ,,,,,
MOLDOVA (MDA),,,,,
MONACO (MCO),,,,,
MONGOLIA (MNG),,,,,
MONTENEGRO (MNE),,,,,
MONTSERRAT (MSR) ,,,,,
MOROCCO (MAR),,,,,
MOZAMBIQUE (MOZ),,,,,
MYANMAR (MMR),,,,,
NAMIBIA (NAM),,,,,
NAURU (NRU) ,,,,,
NEPAL (NPL),,,,,
NETHERLANDS (NLD),,,,,
NETHERLANDS ANTILLES (ANT),,,,,
NEUTRAL ZONE (NTZ) ,,,,,
NEW CALEDONIA (NCL) ,,,,,
NEW ZEALAND (NZL),,,,,
NICARAGUA (NIC),,,,,
NIGER (NER),,,,,
NIGERIA (NGA),,,,,
NIUE (NIU),,,,,
NORFOLK ISLAND (NFK),,,,,
NORTH KOREA (PRK) ,,,,,
NORTHERN MARIANA ISLANDS (MNP),,,,,
NORWAY (NOR),,,,,
OMAN (OMN),,,,,
PAKISTAN (PAK),,,,,
PALAU (PLW),,,,,
PALESTINIAN TERRITORIES (PSE),,,,,
PANAMA (PAN),,,,,
PAPUA NEW GUINEA (PNG) ,,,,,
PARAGUAY (PRY) ,,,,,
PERU (PER) ,,,,,
PHILIPPINES (PHL),,,,,
PITCAIRN ISLANDS (PCN),,,,,
POLAND (POL),,,,,
PORTUGAL (PRT),,,,,
PUERTO RICO (PRI),,,,,
QATAR (QAT) ,,,,,
REUNION (REU),,,,,
ROMANIA (ROM),,,,,
RUSSIA (RUS),,,,,
RWANDA (RWA) ,,,,,
SAINT BARTHELEMY (BLM),,,,,
SAINT KITTS AND NEVIS (KNA),,,,,
SAINT LUCIA (LCA) ,,,,,
SAINT MARTIN (FRENCH PART) (MAF) ,,,,,
SAINT VINCENT AND THE GRENADINES (VCT),,,,,
SAMOA (WSM) ,,,,,
SAN MARINO (SMR),,,,,
SAO TOME AND PRINCIPE (STP),,,,,
SAUDI ARABIA (SAU),,,,,
SENEGAL (SEN),,,,,
SERBIA (SRB),,,,,
SERBIA AND MONTENEGRO (SCG),,,,,
SEYCHELLES (SYC),,,,,
SIERRA LEONE (SLE) ,,,,,
SINGAPORE (SGP),,,,,
SINT MAARTEN (DUTCH PART) (SXM) ,,,,,
SLOVAKIA (SVK) ,,,,,
SLOVENIA (SVN),,,,,
SOLOMON ISLANDS (SLB),,,,,
SOMALIA (SOM) ,,,,,
SOUTH AFRICA (ZAF),,,,,
SOUTH GEORGIA AND THE SOUTH SANDWICH ISLANDS (SGS),,,,,
SOUTH KOREA (KOR),,,,,
SOUTH SUDAN (SSD),,,,,
SPAIN (ESP),,,,,
SRI LANKA (LKA) ,,,,,
ST. HELENA (SHN),,,,,
ST. PIERRE AND MIQUELON (SPM) ,,,,,
SUDAN (SDN),,,,,
SURINAME (SUR),,,,,
SVALBARD AND JAN MAYEN ISLANDS (SJM),,,,,
SWAZILAND (SWZ),,,,,
SWEDEN (SWE),,,,,
SWITZERLAND (CHE) ,,,,,
SYRIA (SYR) ,,,,,
TAIWAN (TWN),,,,,
TAJIKISTAN (TJK),,,,,
TANZANIA (TZA) ,,,,,
THAILAND (THA),,,,,
TIMOR-LESTE (TLS) ,,,,,
TOGO (TGO),,,,,
TOKELAU (TKL) ,,,,,
TONGA (TON),,,,,
TRINIDAD AND TOBAGO (TTO),,,,,
TUNISIA (TUN) ,,,,,
TURKEY (TUR),,,,,
TURKMENISTAN (TKM),,,,,
TURKS AND CAICOS ISLANDS (TCA),,,,,
TUVALU (TUV) ,,,,,
UGANDA (UGA),,,,,
UKRAINE (UKR),,,,,
UNITED ARAB EMIRATES (ARE),,,,,
UNITED KINGDOM (GBR) ,,,,,
UNITED STATES (USA),,,,,
UNITED STATES MINOR OUTLYING ISLANDS (UMI),,,,,
URUGUAY (URY),,,,,
UZBEKISTAN (UZB),,,,,
VANUATU (VUT),,,,,
VATICAN CITY STATE (HOLY SEE) (VAT) ,,,,,
VENEZUELA (VEN),,,,,
VIETNAM (VNM),,,,,
VIRGIN ISLANDS (BRITISH) (VGB),,,,,
VIRGIN ISLANDS (U.S.) (VIR),,,,,
WAKE ISLAND (WAK) ,,,,,
WALLIS AND FUTUNA ISLANDS (WLF),,,,,
WESTERN SAHARA (ESH) ,,,,,
YEMEN (YEM) ,,,,,
ZAIRE (ZAR),,,,,
ZAMBIA (ZMB),,,,,
ZIMBABWE (ZWE) ,,,,,
他国籍取得の経緯　→プルダウン選択,,,,,
デフォルト値は「選択してください」にして、項目下に「※他国籍を取得した経緯を選択してください」と注釈を入れて,,,,,
「選択をしてください」をクリックすると「出生による」・「両親を通じて」・「帰化」・「その他」から選べるようにして,,,,,
,,,,,
他国籍の有無（過去）　→「はい」と「いいえ」の選択タブ,,,,,
項目下に「※これまでに他の国の国民または市民だったことはありますか？」と注釈を入れて,,,,,
「はい」と選択された場合「他国籍（過去）」・「他国籍（過去）の取得日」・「他国籍（過去）の放棄日」の項目を表示させて,,,,,
他国籍（過去）　→プルダウン選択,,,,,
項目下に「※過去の国籍を選択してください」と注釈を入れて,,,,,
デフォルト値は「選択してください」にして。国籍の選択項目一覧は以下に記載しておくよ。,,,,,
AFGHANISTAN (AFG),,,,,
ALAND ISLANDS (ALA),,,,,
ALBANIA (ALB) ,,,,,
ALGERIA (DZA),,,,,
AMERICAN SAMOA (ASM),,,,,
ANDORRA (AND),,,,,
ANGOLA (AGO) ,,,,,
ANGUILLA (AIA),,,,,
ANTARCTICA (ATA),,,,,
ANTIGUA AND BARBUDA (ATG) ,,,,,
ARGENTINA (ARG),,,,,
ARMENIA (ARM),,,,,
ARUBA (ABW),,,,,
AUSTRALIA (AUS),,,,,
AUSTRIA (AUT),,,,,
AZERBAIJAN (AZE) ,,,,,
BAHAMAS (BHS),,,,,
BAHRAIN (BHR),,,,,
BANGLADESH (BGD),,,,,
BARBADOS (BRB),,,,,
BELARUS (BLR),,,,,
BELGIUM (BEL),,,,,
BELIZE (BLZ),,,,,
BENIN (BEN) ,,,,,
BERMUDA (BMU) ,,,,,
BHUTAN (BTN),,,,,
BOLIVIA (BOL) ,,,,,
"BONAIRE, SINT EUSTATIUS AND SABA (BES) ",,,,,
BOSNIA AND HERZEGOVINA (BIH),,,,,
BOTSWANA (BWA),,,,,
BOUVET ISLAND (BVT),,,,,
BRAZIL (BRA),,,,,
BRITISH INDIAN OCEAN TERRITORY (IOT),,,,,
BRUNEI (BRN) ,,,,,
BULGARIA (BGR),,,,,
BURKINA FASO,,,,,
BURMA (BUR),,,,,
BURUNDI (BDI),,,,,
CAMBODIA (KHM),,,,,
CAMEROON (CMR),,,,,
CANADA (CAN),,,,,
CANTON AND ENDERBURY ISLANDS (CTE),,,,,
CAPE VERDE (CPV),,,,,
CAYMAN ISLANDS (CYM),,,,,
CENTRAL AFRICAN REPUBLIC (CAF),,,,,
CHAD (TCD),,,,,
CHILE (CHL),,,,,
CHINA (CHN),,,,,
CHRISTMAS ISLAND (CXR),,,,,
COCOS (KEELING),,,,,
ISLANDS (CCK),,,,,
COLOMBIA (COL),,,,,
COMOROS (COM),,,,,
"CONGO, DEMOCRATIC REPUBLIC OF (COD)",,,,,
"CONGO, REPUBLIC OF (COG)",,,,,
COOK ISLANDS (COK) ,,,,,
COSTA RICA (CRI),,,,,
COTE D'IVOIRE (CIV),,,,,
CROATIA (HRV),,,,,
CUBA (CUB),,,,,
CURACAO (CUW),,,,,
CYPRUS (CYP),,,,,
CZECH REPUBLIC (CZE),,,,,
DEMOCRATIC YEMEN (YMD),,,,,
DENMARK (DNK) ,,,,,
DJIBOUTI (DJI),,,,,
DOMINICA (DMA),,,,,
DOMINICAN REPUBLIC (DOM),,,,,
DRONNING MAUD LAND (DML) ,,,,,
EAST TIMOR (TMP),,,,,
ECUADOR (ECU) ,,,,,
EGYPT (EGY),,,,,
EL SALVADOR (SLV),,,,,
EQUATORIAL GUINEA (GNQ),,,,,
ERITREA (ERI),,,,,
ESTONIA (EST),,,,,
ETHIOPIA (ETH),,,,,
FALKLAND ISLANDS (FLK) ,,,,,
FAROE ISLANDS (FRO),,,,,
FIJI (FJI),,,,,
FINLAND (FIN) ,,,,,
FRANCE (FRA),,,,,
FRANCE METROPOLITAN (FXX),,,,,
FRENCH GUIANA (GUF),,,,,
FRENCH POLYNESIA (PYF),,,,,
FRENCH SOUTHERN TERRITORIES (ATF) ,,,,,
GABON (GAB),,,,,
GAMBIA (GMB),,,,,
GEORGIA (GEO),,,,,
GERMANY (DEU),,,,,
GHANA (GHA),,,,,
GIBRALTAR (GIB),,,,,
GREECE (GRC) ,,,,,
GREENLAND (GRL),,,,,
GRENADA (GRD),,,,,
GUADELOUPE (GLP),,,,,
GUAM (GUM) ,,,,,
GUATEMALA (GTM),,,,,
GUERNSEY (GGY) ,,,,,
GUINEA (GIN),,,,,
GUINEA-BISSAU (GNB),,,,,
GUYANA (GUY),,,,,
HAITI (HTI),,,,,
HEARD AND MC DONALD ISLANDS (HMD),,,,,
HONDURAS (HND),,,,,
HONG KONG (HKG) ,,,,,
HUNGARY (HUN),,,,,
ICELAND (ISL),,,,,
INDIA (IND),,,,,
INDONESIA (IDN),,,,,
IRAN (IRN),,,,,
IRAQ (IRQ) ,,,,,
IRELAND (IRL),,,,,
ISLE OF MAN (IMN) ,,,,,
ISRAEL (ISR),,,,,
ITALY (ITA) ,,,,,
JAMAICA (JAM),,,,,
JAPAN (JPN) ,,,,,
JERSEY (JEY) ,,,,,
JOHNSTON ISLAND (JTN),,,,,
JORDAN (JOR) ,,,,,
KAZAKHSTAN (KAZ),,,,,
KENYA (KEN),,,,,
KIRIBATI (KIR),,,,,
KOSOVO (KVV),,,,,
KUWAIT (KWT),,,,,
KYRGYZSTAN (KGZ),,,,,
LAOS (LAO),,,,,
LATVIA (LVA),,,,,
LEBANON (LBN),,,,,
LESOTHO (LSO) ,,,,,
LIBERIA (LBR),,,,,
LIBYA (LBY),,,,,
LIECHTENSTEIN (LIE),,,,,
LITHUANIA (LTU),,,,,
LUXEMBOURG (LUX),,,,,
MACAU (MAC),,,,,
MACEDONIA (MKD),,,,,
MADAGASCAR (MDG),,,,,
MALAWI (MWI),,,,,
MALAYSIA (MYS) ,,,,,
MALDIVES (MDV),,,,,
MALI (MLI),,,,,
MALTA (MLT),,,,,
MARSHALL ISLANDS (MHL),,,,,
MARTINIQUE (MTQ),,,,,
MAURITANIA (MRT),,,,,
MAURITIUS (MUS) ,,,,,
MAYOTTE (MYT),,,,,
MEXICO (MEX),,,,,
MICRONESIA - FEDERATED STATES OF (FSM),,,,,
MIDWAY ISLANDS (MID) ,,,,,
MOLDOVA (MDA),,,,,
MONACO (MCO),,,,,
MONGOLIA (MNG),,,,,
MONTENEGRO (MNE),,,,,
MONTSERRAT (MSR) ,,,,,
MOROCCO (MAR),,,,,
MOZAMBIQUE (MOZ),,,,,
MYANMAR (MMR),,,,,
NAMIBIA (NAM),,,,,
NAURU (NRU) ,,,,,
NEPAL (NPL),,,,,
NETHERLANDS (NLD),,,,,
NETHERLANDS ANTILLES (ANT),,,,,
NEUTRAL ZONE (NTZ) ,,,,,
NEW CALEDONIA (NCL) ,,,,,
NEW ZEALAND (NZL),,,,,
NICARAGUA (NIC),,,,,
NIGER (NER),,,,,
NIGERIA (NGA),,,,,
NIUE (NIU),,,,,
NORFOLK ISLAND (NFK),,,,,
NORTH KOREA (PRK) ,,,,,
NORTHERN MARIANA ISLANDS (MNP),,,,,
NORWAY (NOR),,,,,
OMAN (OMN),,,,,
PAKISTAN (PAK),,,,,
PALAU (PLW),,,,,
PALESTINIAN TERRITORIES (PSE),,,,,
PANAMA (PAN),,,,,
PAPUA NEW GUINEA (PNG) ,,,,,
PARAGUAY (PRY) ,,,,,
PERU (PER) ,,,,,
PHILIPPINES (PHL),,,,,
PITCAIRN ISLANDS (PCN),,,,,
POLAND (POL),,,,,
PORTUGAL (PRT),,,,,
PUERTO RICO (PRI),,,,,
QATAR (QAT) ,,,,,
REUNION (REU),,,,,
ROMANIA (ROM),,,,,
RUSSIA (RUS),,,,,
RWANDA (RWA) ,,,,,
SAINT BARTHELEMY (BLM),,,,,
SAINT KITTS AND NEVIS (KNA),,,,,
SAINT LUCIA (LCA) ,,,,,
SAINT MARTIN (FRENCH PART) (MAF) ,,,,,
SAINT VINCENT AND THE GRENADINES (VCT),,,,,
SAMOA (WSM) ,,,,,
SAN MARINO (SMR),,,,,
SAO TOME AND PRINCIPE (STP),,,,,
SAUDI ARABIA (SAU),,,,,
SENEGAL (SEN),,,,,
SERBIA (SRB),,,,,
SERBIA AND MONTENEGRO (SCG),,,,,
SEYCHELLES (SYC),,,,,
SIERRA LEONE (SLE) ,,,,,
SINGAPORE (SGP),,,,,
SINT MAARTEN (DUTCH PART) (SXM) ,,,,,
SLOVAKIA (SVK) ,,,,,
SLOVENIA (SVN),,,,,
SOLOMON ISLANDS (SLB),,,,,
SOMALIA (SOM) ,,,,,
SOUTH AFRICA (ZAF),,,,,
SOUTH GEORGIA AND THE SOUTH SANDWICH ISLANDS (SGS),,,,,
SOUTH KOREA (KOR),,,,,
SOUTH SUDAN (SSD),,,,,
SPAIN (ESP),,,,,
SRI LANKA (LKA) ,,,,,
ST. HELENA (SHN),,,,,
ST. PIERRE AND MIQUELON (SPM) ,,,,,
SUDAN (SDN),,,,,
SURINAME (SUR),,,,,
SVALBARD AND JAN MAYEN ISLANDS (SJM),,,,,
SWAZILAND (SWZ),,,,,
SWEDEN (SWE),,,,,
SWITZERLAND (CHE) ,,,,,
SYRIA (SYR) ,,,,,
TAIWAN (TWN),,,,,
TAJIKISTAN (TJK),,,,,
TANZANIA (TZA) ,,,,,
THAILAND (THA),,,,,
TIMOR-LESTE (TLS) ,,,,,
TOGO (TGO),,,,,
TOKELAU (TKL) ,,,,,
TONGA (TON),,,,,
TRINIDAD AND TOBAGO (TTO),,,,,
TUNISIA (TUN) ,,,,,
TURKEY (TUR),,,,,
TURKMENISTAN (TKM),,,,,
TURKS AND CAICOS ISLANDS (TCA),,,,,
TUVALU (TUV) ,,,,,
UGANDA (UGA),,,,,
UKRAINE (UKR),,,,,
UNITED ARAB EMIRATES (ARE),,,,,
UNITED KINGDOM (GBR) ,,,,,
UNITED STATES (USA),,,,,
UNITED STATES MINOR OUTLYING ISLANDS (UMI),,,,,
URUGUAY (URY),,,,,
UZBEKISTAN (UZB),,,,,
VANUATU (VUT),,,,,
VATICAN CITY STATE (HOLY SEE) (VAT) ,,,,,
VENEZUELA (VEN),,,,,
VIETNAM (VNM),,,,,
VIRGIN ISLANDS (BRITISH) (VGB),,,,,
VIRGIN ISLANDS (U.S.) (VIR),,,,,
WAKE ISLAND (WAK) ,,,,,
WALLIS AND FUTUNA ISLANDS (WLF),,,,,
WESTERN SAHARA (ESH) ,,,,,
YEMEN (YEM) ,,,,,
ZAIRE (ZAR),,,,,
ZAMBIA (ZMB),,,,,
ZIMBABWE (ZWE) ,,,,,
他国籍（過去）の取得日,,,,,
「日」、「月」、「年」の順に表示,,,,,
項目下に「国籍を得た日付を選択してください。」と注釈を入れて,,,,,
日→デフォルト値は「Day」日、1～31まで選べるようにする,,,,,
Dayの部分をプルダウン選択にする,,,,,
月→デフォルト値は「Month」月、は1(Jan)～12(Dec)までの間で選べるようにする,,,,,
Monthの部分をプルダウン選択にする,,,,,
→1(Jan)・2(Feb)・3(Mar)・4(Apr)・5(May)・6(Jun)・7(Jul)・8(Aug)・9(Sep)・10(Oct)・11(Nov)・12(Dec),,,,,
年→デフォルト値は「Year」年、1900～2026まで選べるようにする,,,,,
Yearの部分プルダウン選択にする,,,,,
他国籍（過去）の放棄日,,,,,
項目下に「国籍を放棄した日付を選択してください。」と注釈を入れて日→デフォルト値は「Day」日、1～31まで選べるようにする,,,,,
Dayの部分をプルダウン選択にする,,,,,
月→デフォルト値は「Month」月、は1(Jan)～12(Dec)までの間で選べるようにする,,,,,
Monthの部分をプルダウン選択にする,,,,,
→1(Jan)・2(Feb)・3(Mar)・4(Apr)・5(May)・6(Jun)・7(Jul)・8(Aug)・9(Sep)・10(Oct)・11(Nov)・12(Dec),,,,,
年→デフォルト値は「Year」年、1900～2026まで選べるようにする,,,,,
Yearの部分プルダウン選択にする,,,,,
,,,,,
GE/NEXUS/SENTRIメンバーですか？　→「はい」と「いいえ」の選択タブ,,,,,
項目下に「※CBP Global Entry/NEXUS/SENTRIのメンバーですか？ご存知でない方は「いいえ」を選択してください。」と注釈を入れて,,,,,
「はい」と選択された場合「PASS ID」の項目を表示させて,,,,,
PASS ID　→テキスト入力,,,,,
デフォルト値は「PASS IDは9桁の数字です」,,,,,
英語、日本語、記号が入力された場合、項目下に赤字で「9桁の数字で入力してください」とエラーメッセージを表示させて,,,,,
,,,,,
ページ最下層に「TOPへ戻る」と「選択項目の入力へ進む」ボタンを表示させて,,,,,
